n_cells_per_dim,n_cells,n_internal_faces,device,matrix_memory_mb,theoretical_mb,bytes_per_element
10,1000,2700,cpu,0.16904544830322266,0.09002685546875,8
20,8000,22800,cpu,1.7261571884155273,0.7568359375,8
40,64000,187200,cpu,14.486886024475098,6.201171875,8
